County,District,Seats,Slate size,Built?,Nominees,Missing photos,Towns,Incumbents
Belknap,1,1,1,YES,Tom Ploszaj,,,
Belknap,2,2,2,YES,Matt Coker; Scott Wallace,,,
Belknap,3,1,1,YES,Steven Bunce,,,
Belknap,4,1,1,no,Kevin M. Nugent Jr,Kevin M. Nugent Jr,,
Belknap,5,4,4,no,Mike Bordes; Timothy Minor; Cody Pfaff; Paul Rossi,Timothy Minor,,
Belknap,6,4,4,no,Glen Aldrich; Priscilla M. Bean; Colleen M. Harkey; Jade Wood,Priscilla M. Bean,,
Belknap,7,3,3,no,Barbara Comtois; Paul A. Terry; Peter R. Varney,Barbara Comtois; Peter R. Varney,,
Belknap,8,2,2,YES,Lisa M. Freeman; Cameron Thompson,,,
Carroll,1,3,3,no,Gregory T. Corrigan; Robert W. Nelson; Karen C. Umberger,Gregory T. Corrigan; Karen C. Umberger,,
Carroll,2,2,2,YES,Erlon Jones; Jennifer LePla,,,
Carroll,3,2,2,no,Richard R. Brown; Karel A. Crawford,Richard R. Brown,,
Carroll,4,2,2,no,Lino M. Avellani; Mike Belcher,Lino M. Avellani,,
Carroll,5,1,1,no,Steven Brown,Steven Brown,,
Carroll,6,2,2,YES,Tim Bauman; John T. MacDonald,,,
Carroll,7,1,1,YES,Dale Fincher,,,
Carroll,8,2,2,YES,Tammy Garthwaite; Colin Mitchell,,,
Cheshire,1,1,1,no,Timothy J. Donovan,Timothy J. Donovan,,
Cheshire,3,1,1,no,Marissa W. Salisbury,Marissa W. Salisbury,,
Cheshire,4,1,1,YES,Robert Johnson,,,
Cheshire,5,1,1,no,William J. Sommer,William J. Sommer,,
Cheshire,6,2,2,no,Sean Graves; Zachary Nutting,Sean Graves; Zachary Nutting,,
Cheshire,7,1,1,no,Jonathan Liptak,Jonathan Liptak,,
Cheshire,9,1,1,YES,Rich Nalevanko,,,
Cheshire,10,2,2,YES,Sly Karasinski; Michael Ralph York,,,
Cheshire,11,1,1,YES,Denis Vincent Murphy,,,
Cheshire,12,1,1,YES,Dick Thackston,,,
Cheshire,13,1,1,YES,Matthew Santonastaso,,,
Cheshire,14,1,1,YES,John B. Hunt,,,
Cheshire,15,2,2,no,Matthew Roach; Becky Shields,Matthew Roach,,
Cheshire,16,1,1,YES,Alexander Nalevanko,,,
Cheshire,17,1,1,no,Jennifer Rhodes,Jennifer Rhodes,,
Cheshire,18,2,2,YES,Rita Mattson; Jim Qualey,,,
Coos,1,2,2,YES,Sam Hoehn; Amy Norris,,,
Coos,2,1,1,no,Arnold G. Davis,Arnold G. Davis,,
Coos,3,1,1,no,Mike Ouellet,Mike Ouellet,,
Coos,4,1,1,YES,Seth King,,,
Coos,5,2,2,YES,Mark Evans; Peter Morency,,,
Coos,6,1,1,YES,Robert Gargano,,,
Coos,7,1,1,YES,Lori Korzen,,,
Grafton,1,3,3,no,Joseph Barton; Calvin Beaulier; Andrew Dorsett,Andrew Dorsett,,
Grafton,3,1,1,no,Bonnie Ham,Bonnie Ham,,
Grafton,4,1,1,YES,David Adams Rardin,,,
Grafton,5,2,2,no,Marie Louise Bjelobrk; Greg Mathieson,Marie Louise Bjelobrk; Greg Mathieson,,
Grafton,6,1,1,no,Linda Franz,Linda Franz,,
Grafton,7,1,1,no,Jon A. Gablinske,Jon A. Gablinske,,
Grafton,8,3,1,no,George Kirk,George Kirk,,
Grafton,9,1,1,YES,Bradley Macrae,,,
Grafton,10,1,1,YES,Steven Pihl Coffill,,,
Grafton,11,1,1,YES,Jake Abuhav,,,
Grafton,18,1,1,YES,Donald McFarlane,,,
Hillsborough,1,4,4,YES,Deborah Kruzel; Tom Mannion; Diane Rogers; Jeffrey F. Tenczar,,,
Hillsborough,2,7,7,no,Matthew Castanien; Phil Greazzo; Peter M. Kujawski; Brian Labrie; Pat MacMonagle; Kristin Noble; John Schneller,Phil Greazzo; Pat MacMonagle; Kristin Noble; John Schneller,,
Hillsborough,3,3,1,no,John Menyhard,John Menyhard,,
Hillsborough,4,3,1,YES,Shawn Martin,,,
Hillsborough,5,3,1,no,Paul Schibbelhute,Paul Schibbelhute,,
Hillsborough,6,3,3,no,Doris Hohensee; Elena Pavlou; Daniel Richardson,Doris Hohensee,,
Hillsborough,7,3,2,no,Avalon Lewis; Roy H. Parker,Avalon Lewis; Roy H. Parker,,
Hillsborough,8,3,1,YES,Travis Tripodi,,,
Hillsborough,9,3,1,no,Joseph Cole,Joseph Cole,,
Hillsborough,10,3,1,no,Bill Ohm,Bill Ohm,,
Hillsborough,11,3,1,no,Kristie Hart,Kristie Hart,,
Hillsborough,12,8,8,no,Kevin Ballantine; Bill Boyd; Julie Miles; Maureen Mooney; Jeanine Notter; Adam Presa; Wolfram von Schoen; Kevin Southwick,Kevin Ballantine; Bill Boyd; Kevin Southwick,,
Hillsborough,13,6,6,no,Dillon Dumont; Cathy Kenny; Andrew Prout; Tom Trost; Jordan Ulery; Bob Wherry,Cathy Kenny; Andrew Prout; Jordan Ulery; Bob Wherry,,
Hillsborough,14,2,2,no,Rich Lascelles; Raymond C. Peeples Jr,Rich Lascelles; Raymond C. Peeples Jr,,
Hillsborough,15,2,2,no,Mark McLean; Mark Proulx,Mark McLean; Mark Proulx,,
Hillsborough,16,2,2,YES,David A. Smith; Michael J. Tkacz,,,
Hillsborough,17,2,1,YES,Ben Prescott,,,
Hillsborough,18,2,1,YES,Steven Kesselring,,,
Hillsborough,19,2,2,YES,Matt Drew; Mickey Mullin,,,
Hillsborough,20,2,2,YES,Pierre M. Dupont; Jose R. Marte,,,
Hillsborough,21,2,1,YES,Chris Morgan,,,
Hillsborough,22,2,2,no,Max Abramson; Brittany Ping,Max Abramson; Brittany Ping,,
Hillsborough,24,2,2,no,Shuvom Ghose; Paul LaFerriere,Shuvom Ghose,,
Hillsborough,25,2,1,YES,Kathleen Paquette,,,
Hillsborough,26,2,1,YES,Henry Emele,,,
Hillsborough,27,1,1,YES,Mary Murphy,,,
Hillsborough,28,2,2,YES,Travis Corcoran; Keith Erf,,,
Hillsborough,29,4,4,YES,Joe Alexander; Shanun Carey; Henry Giasson; Sherri Reinfurt,,,
Hillsborough,30,3,3,no,Larry Baker; Austin Cottle; Tim Morehouse,Larry Baker,,
Hillsborough,31,1,1,no,Jarvis M. Adams IV,Jarvis M. Adams IV,,
Hillsborough,32,3,3,no,Diane Kelley; Jim Kofalt; Shane Sirois,Jim Kofalt; Shane Sirois,,
Hillsborough,33,2,1,YES,Kimberly Joy Thomas,,,
Hillsborough,34,3,3,no,Jason Hennessey; Russ Hodgkins; Diane Layton,Russ Hodgkins; Diane Layton,,
Hillsborough,35,2,2,no,Liz Barbour; Jim Kelly,Jim Kelly,,
Hillsborough,36,2,2,YES,Diane Pauer; John W. Suiter,,,
Hillsborough,37,1,1,YES,Michael E. Thornton,,,
Hillsborough,38,2,2,YES,Adam Haverstock; Ted Trost,,,
Hillsborough,39,2,2,no,Jon DiPietro; William Infantine,Jon DiPietro; William Infantine,,
Hillsborough,40,4,4,no,Bill O'Brien; Lynne M. Cumming; Carlos Gonzalez; Robert Rivera,Bill O'Brien; Lynne M. Cumming; Carlos Gonzalez; Robert Rivera,,
Hillsborough,41,3,3,no,Ryan Hebert; Jason Hodgdon; Joseph Skinner,Jason Hodgdon; Joseph Skinner,,
Hillsborough,42,3,3,YES,Gerald Griffin; Rob Lovett; Lisa C. M. Post,,,
Hillsborough,43,4,4,no,William J. Bieschke; Gary Daniels; Elizabeth Keenan; Vanessa L. Sheehan,William J. Bieschke,,
Hillsborough,44,2,2,YES,Ross Berry; Lisa Mazur,,,
Hillsborough,45,1,1,no,Jack Flanagan,Jack Flanagan,,
Merrimack,1,1,1,YES,Rick Devoid,,,
Merrimack,2,1,1,no,Gregory Hill,Gregory Hill,,
Merrimack,3,2,2,no,Werner D. Horn; Michael Visconti,Michael Visconti,,
Merrimack,4,2,2,YES,Jose Eduardo Cambrils; Michael Moffett,,,
Merrimack,5,2,2,YES,Louise Andrus; Deborah Aylward,,,
Merrimack,6,1,1,no,Paul M. Little,Paul M. Little,,
Merrimack,7,2,1,no,Dorothy L. Hitchmoth,Dorothy L. Hitchmoth,,
Merrimack,8,3,3,YES,Matt Center; Stephen Craig Pierce; Natalie J. Wells,,,
Merrimack,9,4,2,no,John F. Martin; Matthew Poulin,John F. Martin; Matthew Poulin,,
Merrimack,10,4,4,no,Stephen Boyd; Pamela McMahon; Yury Polozov; Thomas C. Walsh,Thomas C. Walsh,,
Merrimack,11,1,1,YES,Matthew Pitaro,,,
Merrimack,12,2,2,YES,Peter L. Mehegan; Brian Seaworth,,,
Merrimack,13,2,2,YES,Cyril Aures; Clayton Wood,,,
Merrimack,14,1,1,YES,Gary Matteson,,,
Merrimack,16,1,1,no,Laurence Weissbrot,Laurence Weissbrot,,
Merrimack,18,1,1,no,Elijah J. Wilson,Elijah J. Wilson,,
Merrimack,20,1,1,YES,Jonathan Clark,,,
Merrimack,21,1,1,no,Darryl Berleth,Darryl Berleth,,
Merrimack,22,1,1,no,Jonathan R. Cate,Jonathan R. Cate,,
Merrimack,23,1,1,no,Andrew Georgevits,Andrew Georgevits,,
Merrimack,25,1,1,YES,James Thibault,,,
Merrimack,26,1,1,YES,Alvin B. See,,,
Merrimack,27,2,2,YES,Ray Plante; Vanessa Poulin,,,
Merrimack,30,1,1,no,Robert C. Washburn,Robert C. Washburn,,
Rockingham,1,3,3,YES,Scott Bryer; James Guzofski; Paul Tudor,,,
Rockingham,2,3,3,YES,Will Huebner; Jason Osborne; James Spillane,,,
Rockingham,3,1,1,YES,Mary J. Ford,,,
Rockingham,4,3,3,YES,Cindy Bennett; Michael Drago; Brian Nadeau,,,
Rockingham,5,2,2,no,Trevor Morse; John Scully,John Scully,,
Rockingham,6,1,1,YES,Allen Cook,,,
Rockingham,7,1,1,YES,Laurence A. Miner,,,
Rockingham,8,1,1,YES,Sayra Lynn DeVito,,,
Rockingham,9,2,2,YES,Matthew Brooks; Kevin M. Major,,,
Rockingham,11,4,1,no,Robert Goeman,Robert Goeman,,
Rockingham,12,2,2,no,Patrick Abrami; James Scamman,Patrick Abrami; James Scamman,,
Rockingham,13,10,10,no,Michael Appleton; Brandon Bach; Brian K. Chirichiello; Charles Foote; Anthony Henry; Erica Layon; David C. Love; Jodi Nelson; John Potucek; Richard Tripp,Brandon Bach; Brian K. Chirichiello; Charles Foote; Jodi Nelson; John Potucek; Richard Tripp,,
Rockingham,14,2,2,YES,Pam Brown; Kenneth L. Weyler,,,
Rockingham,15,2,2,no,Joe A. Guthrie; Lilli Walsh,Joe A. Guthrie; Lilli Walsh,,
Rockingham,16,7,7,no,Gregory G. Carson; Ron Dunn; David Lundgren; Wayne D. MacDonald; Jeffrey McGraw; Sherman Packard; Kristine Perez,Gregory G. Carson; David Lundgren; Wayne D. MacDonald; Jeffrey McGraw; Sherman Packard; Kristine Perez,,
Rockingham,17,4,4,no,Katelyn Kuttab; Bob Lynn; Charles E. McMahon; Daniel Popovici-Muller,Charles E. McMahon,,
Rockingham,18,2,2,no,Debra L. DeSimone; Jay Markell,Debra L. DeSimone; Jay Markell,,
Rockingham,19,1,1,YES,Susan M. Porcelli,,,
Rockingham,20,3,3,no,Robert Harb; Charles R. Melvin Sr; James Summers,Robert Harb; Charles R. Melvin Sr; James Summers,,
Rockingham,24,2,2,no,Marilyn Page; Kevin Szmyd,Marilyn Page; Kevin Szmyd,,
Rockingham,25,9,9,no,Lorie Ball; Edward W. Huminick; John Janigian; George I. Kassas; Dennis Mannion; Valerie McDonnell; Joe Sweeney; John Sytek; Susan J. Vandecasteele,Edward W. Huminick; John Janigian; George I. Kassas; Joe Sweeney; John Sytek; Susan J. Vandecasteele,,
Rockingham,29,4,4,no,Nicholas D. Bridle; Kenneth Sheffert; Bruce Theriault; Richard Wickson Jr,Kenneth Sheffert; Richard Wickson Jr,,
Rockingham,30,2,2,no,Jason A. Janvrin; Aboul B. Khan,Jason A. Janvrin,,
Rockingham,31,2,2,YES,Jess Edwards; Terry Roy,,,
Rockingham,32,1,1,YES,Melissa A. Litchfield,,,
Rockingham,34,1,1,YES,Mark A. Pearson,,,
Rockingham,35,1,1,no,Julius F. Soti,Julius F. Soti,,
Rockingham,36,1,1,no,JD Bernardy,JD Bernardy,,
Rockingham,38,1,1,no,Paul Martino,Paul Martino,,
Rockingham,39,1,1,no,Sue Polidura,Sue Polidura,,
Rockingham,40,1,1,YES,Linda McGrath,,,
Strafford,1,2,3,no,W. Packy Campbell; Sue DeLemus; Andy Dow,W. Packy Campbell; Sue DeLemus,,
Strafford,2,3,3,no,Glenn Bailey; Michael Granger; Mark F. Racic,Glenn Bailey; Mark F. Racic,,
Strafford,3,1,1,YES,Susan G. DeRoy,,,
Strafford,4,3,3,YES,JoAnne Hack; Tanya Rich; Kurt Wuelper,,,
Strafford,5,1,1,YES,Jenny Wilson,,,
Strafford,6,1,1,YES,Denise DeDe-Poulin,,,
Strafford,7,1,1,no,Eric Bourgeois,Eric Bourgeois,,
Strafford,8,1,1,YES,David Walker,,,
Strafford,9,1,1,YES,Robert Qua,,,
Strafford,11,3,1,no,Monique Meadows,Monique Meadows,,
Strafford,12,4,4,no,Omero N. Ambriz; Paul T. Edgar; David Hilton; Philip Houde,Omero N. Ambriz; Paul T. Edgar; David Hilton; Philip Houde,,
Strafford,13,1,1,YES,Daniel A. Furman,,,
Strafford,17,1,1,no,Matthew D. Albion,Matthew D. Albion,,
Strafford,18,1,1,YES,Michael Harrington,,,
Strafford,19,3,3,YES,Samuel Farrington; James Higginbottom; Jonathan Verbicky,,,
Strafford,20,1,1,no,John Colford,John Colford,,
Strafford,21,3,1,no,Joseph D. Morganella,Joseph D. Morganella,,
Sullivan,1,1,1,no,Joel T. Hutchins,Joel T. Hutchins,,
Sullivan,2,1,1,no,Michael Belanger,Michael Belanger,,
Sullivan,3,3,3,no,Skip Rollins; Steven Smith; Walter Spilsbury,Skip Rollins; Steven Smith; Walter Spilsbury,,
Sullivan,4,1,1,YES,Ron Rule,,,
Sullivan,5,1,1,no,George C. Grant,George C. Grant,,
Sullivan,6,3,3,no,Dale Girard; Wayne J. Hemingway; Emily Sandblade,Dale Girard; Emily Sandblade,,
Sullivan,7,1,1,YES,Margaret M. Drye,,,
Sullivan,8,2,2,YES,Catherine Peschke; Jonathan F. Stone,,,
